Gender,Age,Debt,Married,BankCustomer,Industry,Ethnicity,YearsEmployed,PriorDefault,Employed,CreditScore,DriversLicense,Citizen,ZipCode,Income,Approved
1,30.83,0.0,1,1,Industrials,White,1.25,1,1,1,0,ByBirth,00202,0,1
0,58.67,4.46,1,1,Materials,Black,3.04,1,1,6,0,ByBirth,00043,560,1
0,24.5,0.5,1,1,Materials,Black,1.5,1,0,0,0,ByBirth,00280,824,1
1,27.83,1.54,1,1,Industrials,White,3.75,1,1,5,1,ByBirth,00100,3,1
1,20.17,5.625,1,1,Industrials,White,1.71,1,0,0,0,ByOtherMeans,00120,0,1
1,32.08,4.0,1,1,CommunicationServices,White,2.5,1,0,0,1,ByBirth,00360,0,1
1,33.17,1.04,1,1,Transport,Black,6.5,1,0,0,1,ByBirth,00164,31285,1
0,22.92,11.585,1,1,InformationTechnology,White,0.04,1,0,0,0,ByBirth,00080,1349,1
1,54.42,0.5,0,0,Financials,Black,3.96,1,0,0,0,ByBirth,00180,314,1
1,42.5,4.915,0,0,Industrials,White,3.165,1,0,0,1,ByBirth,00052,1442,1
1,22.08,0.83,1,1,Energy,Black,2.165,0,0,0,1,ByBirth,00128,0,1
1,29.92,1.835,1,1,Energy,Black,4.335,1,0,0,0,ByBirth,00260,200,1
0,38.25,6.0,1,1,Financials,White,1.0,1,0,0,1,ByBirth,00000,0,1
1,48.08,6.04,1,1,Financials,White,0.04,0,0,0,0,ByBirth,00000,2690,1
0,45.83,10.5,1,1,Materials,White,5.0,1,1,7,1,ByBirth,00000,0,1
1,36.67,4.415,0,0,Financials,White,0.25,1,1,10,1,ByBirth,00320,0,1
1,28.25,0.875,1,1,CommunicationServices,White,0.96,1,1,3,1,ByBirth,00396,0,1
0,23.25,5.875,1,1,Materials,White,3.17,1,1,10,0,ByBirth,00120,245,1
1,21.83,0.25,1,1,Real Estate,Black,0.665,1,0,0,1,ByBirth,00000,0,1
0,19.17,8.585,1,1,InformationTechnology,Black,0.75,1,1,7,0,ByBirth,00096,0,1
1,25.0,11.25,1,1,Energy,White,2.5,1,1,17,0,ByBirth,00200,1208,1
1,23.25,1.0,1,1,Energy,White,0.835,1,0,0,0,ByOtherMeans,00300,0,1
0,47.75,8.0,1,1,Energy,White,7.875,1,1,6,1,ByBirth,00000,1260,1
0,27.42,14.5,1,1,Utilities,Black,3.085,1,1,1,0,ByBirth,00120,11,1
0,41.17,6.5,1,1,Materials,White,0.5,1,1,3,1,ByBirth,00145,0,1
0,15.83,0.585,1,1,Energy,Black,1.5,1,1,2,0,ByBirth,00100,0,1
0,47.0,13.0,1,1,ConsumerDiscretionary,Asian,5.165,1,1,9,1,ByBirth,00000,0,1
1,56.58,18.5,1,1,Real Estate,Asian,15.0,1,1,17,1,ByBirth,00000,0,1
1,57.42,8.5,1,1,Education,Black,7.0,1,1,3,0,ByBirth,00000,0,1
1,42.08,1.04,1,1,Industrials,White,5.0,1,1,6,1,ByBirth,00500,10000,1
1,29.25,14.79,1,1,ConsumerStaples,White,5.04,1,1,5,1,ByBirth,00168,0,1
1,42.0,9.79,1,1,Utilities,Black,7.96,1,1,8,0,ByBirth,00000,0,1
1,49.5,7.585,1,1,ConsumerDiscretionary,Asian,7.585,1,1,15,1,ByBirth,00000,5000,1
0,36.75,5.125,1,1,Education,White,5.0,1,0,0,1,ByBirth,00000,4000,1
0,22.58,10.75,1,1,Materials,White,0.415,1,1,5,1,ByBirth,00000,560,1
1,27.83,1.5,1,1,Industrials,White,2.0,1,1,11,1,ByBirth,00434,35,1
1,27.25,1.585,1,1,InformationTechnology,Black,1.835,1,1,12,1,ByBirth,00583,713,1
0,23.0,11.75,1,1,Utilities,Black,0.5,1,1,2,1,ByBirth,00300,551,1
1,27.75,0.585,0,0,InformationTechnology,White,0.25,1,1,2,0,ByBirth,00260,500,1
1,54.58,9.415,1,1,Healthcare,Latino,14.415,1,1,11,1,ByBirth,00030,300,1
1,34.17,9.17,1,1,Energy,White,4.5,1,1,12,1,ByBirth,00000,221,1
1,28.92,15.0,1,1,Energy,Black,5.335,1,1,11,0,ByBirth,00000,2283,1
1,29.67,1.415,1,1,Industrials,Black,0.75,1,1,1,0,ByBirth,00240,100,1
1,39.58,13.915,1,1,Industrials,White,8.625,1,1,6,1,ByBirth,00070,0,1
1,56.42,28.0,0,0,Energy,White,28.5,1,1,40,0,ByBirth,00000,15,1
1,54.33,6.75,1,1,Energy,Black,2.625,1,1,11,1,ByBirth,00000,284,1
0,41.0,2.04,0,0,Materials,Black,0.125,1,1,23,1,ByBirth,00455,1236,1
1,31.92,4.46,1,1,InformationTechnology,Black,6.04,1,1,3,0,ByBirth,00311,300,1
1,41.5,1.54,1,1,ConsumerDiscretionary,Asian,3.5,0,0,0,0,ByBirth,00216,0,1
1,23.92,0.665,1,1,Energy,White,0.165,0,0,0,0,ByBirth,00100,0,1
0,25.75,0.5,1,1,Energy,Black,0.875,1,0,0,1,ByBirth,00491,0,1
1,26.0,1.0,1,1,Materials,White,1.75,1,0,0,1,ByBirth,00280,0,1
1,37.42,2.04,1,1,Industrials,White,0.04,1,0,0,1,ByBirth,00400,5800,1
1,34.92,2.5,1,1,Industrials,White,0.0,1,0,0,1,ByBirth,00239,200,1
1,34.25,3.0,1,1,InformationTechnology,Black,7.415,1,0,0,1,ByBirth,00000,0,1
1,23.33,11.625,0,0,Industrials,White,0.835,1,0,0,1,ByBirth,00160,300,1
1,23.17,0.0,1,1,InformationTechnology,White,0.085,1,0,0,0,ByBirth,00000,0,1
1,44.33,0.5,1,1,ConsumerDiscretionary,Black,5.0,1,0,0,1,ByBirth,00320,0,1
1,35.17,4.5,1,1,Utilities,Black,5.75,0,0,0,1,ByOtherMeans,00711,0,1
1,43.25,3.0,1,1,Materials,Black,6.0,1,1,11,0,ByBirth,00080,0,1
1,56.75,12.25,1,1,CommunicationServices,White,1.25,1,1,4,1,ByBirth,00200,0,1
1,31.67,16.165,1,1,Real Estate,White,3.0,1,1,9,0,ByBirth,00250,730,1
0,23.42,0.79,0,0,Materials,White,1.5,1,1,2,1,ByBirth,00080,400,1
0,20.42,0.835,1,1,Materials,White,1.585,1,1,1,0,ByBirth,00000,0,1
1,26.67,4.25,1,1,InformationTechnology,White,4.29,1,1,1,1,ByBirth,00120,0,1
1,34.17,1.54,1,1,InformationTechnology,White,1.54,1,1,1,1,ByBirth,00520,50000,1
0,36.0,1.0,1,1,Energy,White,2.0,1,1,11,0,ByBirth,00000,456,1
1,25.5,0.375,1,1,CommunicationServices,White,0.25,1,1,3,0,ByBirth,00260,15108,1
1,19.42,6.5,1,1,Industrials,Black,1.46,1,1,7,0,ByBirth,00080,2954,1
1,35.17,25.125,1,1,Utilities,Black,1.625,1,1,1,1,ByBirth,00515,500,1
1,32.33,7.5,1,1,Education,Asian,1.585,1,0,0,1,ByOtherMeans,00420,0,0
1,34.83,4.0,1,1,Real Estate,Asian,12.5,1,0,0,1,ByBirth,00000,0,0
0,38.58,5.0,1,1,InformationTechnology,White,13.5,1,0,0,1,ByBirth,00980,0,0
1,44.25,0.5,1,1,CommunicationServices,White,10.75,1,0,0,0,ByOtherMeans,00400,0,0
1,44.83,7.0,0,0,Energy,White,1.625,0,0,0,0,ByBirth,00160,2,0
1,20.67,5.29,1,1,Materials,White,0.375,1,1,1,0,ByBirth,00160,0,0
1,34.08,6.5,1,1,ConsumerStaples,White,0.125,1,0,0,1,ByBirth,00443,0,0
0,19.17,0.585,0,0,ConsumerStaples,White,0.585,1,0,0,1,ByBirth,00160,0,0
1,21.67,1.165,0,0,Financials,White,2.5,1,1,1,0,ByBirth,00180,20,0
1,21.5,9.75,1,1,Energy,White,0.25,1,0,0,0,ByBirth,00140,0,0
1,49.58,19.0,1,1,Healthcare,Latino,0.0,1,1,1,0,ByBirth,00094,0,0
0,27.67,1.5,1,1,CommunicationServices,White,2.0,1,0,0,0,ByOtherMeans,00368,0,0
1,39.83,0.5,1,1,CommunicationServices,White,0.25,1,0,0,0,ByOtherMeans,00288,0,0
0,28.46,3.5,1,1,Real Estate,White,3.0,1,0,0,1,ByBirth,00300,0,0
1,27.25,0.625,1,1,ConsumerStaples,White,0.455,1,0,0,1,ByBirth,00200,0,0
1,37.17,4.0,1,1,Energy,Asian,5.0,1,0,0,1,ByOtherMeans,00280,0,0
1,28.46,0.375,1,1,Real Estate,White,0.875,1,0,0,1,ByOtherMeans,00928,0,0
1,25.67,2.21,0,0,ConsumerStaples,White,4.0,1,0,0,0,ByBirth,00188,0,0
1,34.0,4.5,1,1,ConsumerStaples,White,1.0,1,0,0,1,ByBirth,00240,0,0
0,49.0,1.5,1,1,Research,Other,0.0,1,0,0,1,ByBirth,00100,27,0
1,62.5,12.75,0,0,Energy,Black,5.0,1,0,0,0,ByBirth,00112,0,0
1,31.42,15.5,1,1,Energy,White,0.5,1,0,0,0,ByBirth,00120,0,0
1,28.46,5.0,0,0,ConsumerStaples,White,8.5,1,0,0,0,ByBirth,00000,0,0
1,52.33,1.375,0,0,Energy,Black,9.46,1,0,0,1,ByBirth,00200,100,0
1,28.75,1.5,0,0,Energy,White,1.5,1,0,0,1,ByBirth,00000,225,0
0,28.58,3.54,1,1,ConsumerDiscretionary,Asian,0.5,1,0,0,1,ByBirth,00171,0,0
1,23.0,0.625,0,0,ConsumerStaples,White,0.125,1,0,0,0,ByBirth,00180,1,0
1,28.46,0.5,1,1,Energy,Asian,0.835,1,0,0,1,ByOtherMeans,00320,0,0
0,22.5,11.0,0,0,Materials,White,3.0,1,0,0,1,ByBirth,00268,0,0
0,28.5,1.0,1,1,Materials,White,1.0,1,1,2,1,ByBirth,00167,500,0
1,37.5,1.75,0,0,Energy,Asian,0.25,1,0,0,1,ByBirth,00164,400,0
1,35.25,16.5,0,0,Energy,White,4.0,1,0,0,0,ByBirth,00080,0,0
1,18.67,5.0,1,1,Materials,White,0.375,1,1,2,0,ByBirth,00000,38,0
1,25.0,12.0,1,1,Financials,White,2.25,1,1,2,1,ByBirth,00120,5,0
1,27.83,4.0,0,0,ConsumerDiscretionary,Black,5.75,1,1,2,1,ByBirth,00075,0,0
1,54.83,15.5,1,1,Education,Other,0.0,1,1,20,0,ByBirth,00152,130,0
1,28.75,1.165,1,1,Financials,White,0.5,1,0,0,0,ByOtherMeans,00280,0,0
0,25.0,11.0,0,0,ConsumerStaples,White,4.5,1,0,0,0,ByBirth,00120,0,0
1,40.92,2.25,0,0,Utilities,Black,10.0,1,0,0,1,ByBirth,00176,0,0
0,19.75,0.75,1,1,Energy,White,0.795,1,1,5,1,ByBirth,00140,5,0
1,29.17,3.5,1,1,Industrials,White,3.5,1,1,3,1,ByBirth,00329,0,0
0,24.5,1.04,0,0,Healthcare,Latino,0.5,1,1,3,0,ByBirth,00180,147,0
1,24.58,12.5,1,1,Industrials,White,0.875,1,0,0,1,ByBirth,00260,0,0
0,33.75,0.75,1,1,Financials,Asian,1.0,1,1,3,1,ByBirth,00212,0,0
1,20.67,1.25,0,0,Energy,Black,1.375,1,1,3,1,ByBirth,00140,210,0
0,25.42,1.125,1,1,Materials,White,1.29,1,1,2,0,ByBirth,00200,0,0
1,37.75,7.0,1,1,Materials,Black,11.5,1,1,7,1,ByBirth,00300,5,0
1,52.5,6.5,1,1,Financials,White,6.29,1,1,15,0,ByBirth,00000,11202,1
1,57.83,7.04,1,1,CommunicationServices,White,14.0,1,1,6,1,ByBirth,00360,1332,1
0,20.75,10.335,1,1,InformationTechnology,Black,0.335,1,1,1,1,ByBirth,00080,50,1
1,39.92,6.21,1,1,Materials,White,0.04,1,1,1,0,ByBirth,00200,300,1
1,25.67,12.5,1,1,InformationTechnology,White,1.21,1,1,67,1,ByBirth,00140,258,1
0,24.75,12.5,1,1,ConsumerStaples,White,1.5,1,1,12,1,ByBirth,00120,567,1
0,44.17,6.665,1,1,Materials,White,7.375,1,1,3,1,ByBirth,00000,0,1
0,23.5,9.0,1,1,Materials,White,8.5,1,1,5,1,ByBirth,00120,0,1
1,34.92,5.0,1,1,Utilities,Black,7.5,1,1,6,1,ByBirth,00000,1000,1
1,47.67,2.5,1,1,CommunicationServices,Asian,2.5,1,1,12,1,ByBirth,00410,2510,1
1,22.75,11.0,1,1,Materials,White,2.5,1,1,7,1,ByBirth,00100,809,1
1,34.42,4.25,1,1,ConsumerDiscretionary,Asian,3.25,1,1,2,0,ByBirth,00274,610,1
0,28.42,3.5,1,1,Industrials,White,0.835,1,0,0,0,ByOtherMeans,00280,0,1
1,67.75,5.5,1,1,Education,Other,13.0,1,1,1,1,ByBirth,00000,0,1
1,20.42,1.835,1,1,Energy,White,2.25,1,1,1,0,ByBirth,00100,150,1
0,47.42,8.0,1,1,Education,Asian,6.5,1,1,6,0,ByBirth,00375,51100,1
1,36.25,5.0,1,1,Energy,Asian,2.5,1,1,6,0,ByBirth,00000,367,1
1,32.67,5.5,1,1,Materials,Black,5.5,1,1,12,1,ByBirth,00408,1000,1
1,48.58,6.5,1,1,Materials,Black,6.0,1,0,0,1,ByBirth,00350,0,1
1,39.92,0.54,0,0,ConsumerStaples,White,0.5,1,1,3,0,ByBirth,00200,1000,1
1,33.58,2.75,1,1,CommunicationServices,White,4.25,1,1,6,0,ByBirth,00204,0,1
0,18.83,9.5,1,1,Industrials,White,1.625,1,1,6,1,ByBirth,00040,600,1
0,26.92,13.5,1,1,Materials,Black,5.0,1,1,2,0,ByBirth,00000,5000,1
0,31.25,3.75,1,1,InformationTechnology,Black,0.625,1,1,9,1,ByBirth,00181,0,1
0,56.5,16.0,1,1,Research,Latino,0.0,1,1,15,0,ByBirth,00000,247,1
1,43.0,0.29,0,0,InformationTechnology,Black,1.75,1,1,8,0,ByBirth,00100,375,1
1,22.33,11.0,1,1,Industrials,White,2.0,1,1,1,0,ByBirth,00080,278,1
1,27.25,1.665,1,1,InformationTechnology,Black,5.085,1,1,9,0,ByBirth,00399,827,1
1,32.83,2.5,1,1,InformationTechnology,Black,2.75,1,1,6,0,ByBirth,00160,2072,1
1,23.25,1.5,1,1,Materials,White,2.375,1,1,3,1,ByBirth,00000,582,1
0,40.33,7.54,0,0,Materials,Black,8.0,1,1,14,0,ByBirth,00000,2300,1
0,30.5,6.5,1,1,Energy,Asian,4.0,1,1,7,1,ByBirth,00000,3065,1
0,52.83,15.0,1,1,Energy,White,5.5,1,1,14,0,ByBirth,00000,2200,1
0,46.67,0.46,1,1,InformationTechnology,Black,0.415,1,1,11,1,ByBirth,00440,6,1
0,58.33,10.0,1,1,Materials,White,4.0,1,1,14,0,ByBirth,00000,1602,1
1,37.33,6.5,1,1,CommunicationServices,Black,4.25,1,1,12,1,ByBirth,00093,0,1
1,23.08,2.5,1,1,Energy,White,1.085,1,1,11,1,ByBirth,00060,2184,1
1,32.75,1.5,1,1,InformationTechnology,Black,5.5,1,1,3,1,ByBirth,00000,0,1
0,21.67,11.5,0,0,Research,Other,0.0,1,1,11,1,ByBirth,00000,0,1
0,28.5,3.04,0,0,Utilities,Black,2.54,1,1,1,0,ByBirth,00070,0,1
0,68.67,15.0,1,1,Education,Other,0.0,1,1,14,0,ByBirth,00000,3376,1
1,28.0,2.0,1,1,Financials,Black,4.165,1,1,2,1,ByBirth,00181,0,1
1,34.08,0.08,0,0,CommunicationServices,Asian,0.04,1,1,1,1,ByBirth,00280,2000,1
1,27.67,2.0,1,1,Utilities,Black,1.0,1,1,4,0,ByBirth,00140,7544,1
1,44.0,2.0,1,1,CommunicationServices,White,1.75,1,1,2,1,ByBirth,00000,15,1
1,25.08,1.71,1,1,Utilities,White,1.665,1,1,1,1,ByBirth,00395,20,1
1,32.0,1.75,0,0,Education,Black,0.04,1,0,0,1,ByBirth,00393,0,1
0,60.58,16.5,1,1,Materials,White,11.0,1,0,0,1,ByBirth,00021,10561,1
0,40.83,10.0,1,1,Materials,Black,1.75,1,0,0,0,ByBirth,00029,837,1
1,19.33,9.5,1,1,Materials,White,1.0,1,0,0,1,ByBirth,00060,400,1
0,32.33,0.54,1,1,InformationTechnology,White,0.04,1,0,0,0,ByBirth,00440,11177,1
1,36.67,3.25,1,1,Materials,Black,9.0,1,0,0,1,ByBirth,00102,639,1
1,37.5,1.125,0,0,Real Estate,White,1.5,0,0,0,1,ByBirth,00431,0,1
0,25.08,2.54,0,0,ConsumerStaples,White,0.25,1,0,0,1,ByBirth,00370,0,1
1,41.33,0.0,1,1,Energy,Asian,15.0,1,0,0,0,ByBirth,00000,0,1
1,56.0,12.5,1,1,Financials,Black,8.0,1,0,0,1,ByBirth,00024,2028,1
0,49.83,13.585,1,1,Financials,Black,8.5,1,0,0,1,ByBirth,00000,0,1
1,22.67,10.5,1,1,Materials,Black,1.335,1,0,0,0,ByBirth,00100,0,1
1,27.0,1.5,0,0,Industrials,White,0.375,1,0,0,1,ByBirth,00260,1065,1
1,25.0,12.5,1,1,ConsumerStaples,White,3.0,1,0,0,1,ByOtherMeans,00020,0,1
0,26.08,8.665,1,1,ConsumerStaples,White,1.415,1,0,0,0,ByBirth,00160,150,1
0,18.42,9.25,1,1,Materials,White,1.21,1,1,4,0,ByBirth,00060,540,1
1,20.17,8.17,1,1,ConsumerStaples,White,1.96,1,1,14,0,ByBirth,00060,158,1
1,47.67,0.29,1,1,Energy,Asian,15.0,1,1,20,0,ByBirth,00000,15000,1
0,21.25,2.335,1,1,ConsumerDiscretionary,Asian,0.5,1,1,4,0,ByOtherMeans,00080,0,1
0,20.67,3.0,1,1,Materials,White,0.165,1,1,3,0,ByBirth,00100,6,1
0,57.08,19.5,1,1,Energy,White,5.5,1,1,7,0,ByBirth,00000,3000,1
0,22.42,5.665,1,1,Materials,White,2.585,1,1,7,0,ByBirth,00129,3257,1
1,48.75,8.5,1,1,Energy,Black,12.5,1,1,9,0,ByBirth,00181,1655,1
1,40.0,6.5,1,1,ConsumerStaples,Asian,3.5,1,1,1,0,ByBirth,00000,500,1
1,40.58,5.0,1,1,Energy,White,5.0,1,1,7,0,ByBirth,00000,3065,1
0,28.67,1.04,1,1,Energy,White,2.5,1,1,5,1,ByBirth,00300,1430,1
0,33.08,4.625,1,1,Materials,Black,1.625,1,1,2,0,ByBirth,00000,0,1
1,21.33,10.5,1,1,Energy,White,3.0,1,0,0,1,ByBirth,00000,0,1
1,42.0,0.205,1,1,ConsumerDiscretionary,Black,5.125,1,0,0,0,ByBirth,00400,0,1
1,41.75,0.96,1,1,Utilities,White,2.5,1,0,0,0,ByBirth,00510,600,1
1,22.67,1.585,0,0,Industrials,White,3.085,1,1,6,0,ByBirth,00080,0,1
1,34.5,4.04,0,0,ConsumerDiscretionary,Asian,8.5,1,1,7,1,ByBirth,00195,0,1
1,28.25,5.04,0,0,Energy,Asian,1.5,1,1,8,1,ByBirth,00144,7,1
1,33.17,3.165,0,0,Utilities,White,3.165,1,1,3,1,ByBirth,00380,0,1
1,48.17,7.625,1,1,Industrials,Black,15.5,1,1,12,0,ByBirth,00000,790,1
1,27.58,2.04,0,0,ConsumerStaples,White,2.0,1,1,3,1,ByBirth,00370,560,1
1,22.58,10.04,1,1,Utilities,White,0.04,1,1,9,0,ByBirth,00060,396,1
0,24.08,0.5,1,1,Materials,Black,1.25,1,1,1,0,ByBirth,00000,678,1
0,41.33,1.0,1,1,ConsumerDiscretionary,Asian,2.25,1,0,0,1,ByBirth,00000,300,1
1,24.83,2.75,1,1,Energy,White,2.25,1,1,6,0,ByBirth,00000,600,1
0,20.75,10.25,1,1,Materials,White,0.71,1,1,2,1,ByBirth,00049,0,1
1,36.33,2.125,0,0,Industrials,White,0.085,1,1,1,0,ByBirth,00050,1187,1
0,35.42,12.0,1,1,Materials,Black,14.0,1,1,8,0,ByBirth,00000,6590,1
0,71.58,0.0,1,1,Energy,White,0.0,0,0,0,0,Temporary,00000,0,1
1,28.67,9.335,1,1,Materials,Black,5.665,1,1,6,0,ByBirth,00381,168,1
1,35.17,2.5,1,1,Financials,White,4.5,1,1,7,0,ByBirth,00150,1270,1
1,39.5,4.25,1,1,Energy,Asian,6.5,1,1,16,0,ByBirth,00117,1210,1
1,39.33,5.875,1,1,InformationTechnology,Black,10.0,1,1,14,1,ByBirth,00399,0,1
1,24.33,6.625,0,0,Real Estate,White,5.5,1,0,0,1,ByOtherMeans,00100,0,1
1,60.08,14.5,1,1,Healthcare,Latino,18.0,1,1,15,1,ByBirth,00000,1000,1
1,23.08,11.5,1,1,ConsumerDiscretionary,White,3.5,1,1,9,0,ByBirth,00056,742,1
1,26.67,2.71,0,0,InformationTechnology,White,5.25,1,1,1,0,ByBirth,00211,0,1
1,48.17,3.5,1,1,ConsumerStaples,White,3.5,1,0,0,0,ByOtherMeans,00230,0,1
1,41.17,4.04,1,1,InformationTechnology,Black,7.0,1,1,8,0,ByBirth,00320,0,1
1,55.92,11.5,1,1,Healthcare,Latino,5.0,1,1,5,0,ByBirth,00000,8851,1
1,53.92,9.625,1,1,Education,White,8.665,1,1,5,0,ByBirth,00000,0,1
0,18.92,9.25,0,0,Energy,White,1.0,1,1,4,1,ByBirth,00080,500,1
0,50.08,12.54,1,1,ConsumerStaples,White,2.29,1,1,3,1,ByBirth,00156,0,1
1,65.42,11.0,1,1,Education,Other,20.0,1,1,7,1,ByBirth,00022,0,1
0,17.58,9.0,1,1,ConsumerStaples,White,1.375,1,0,0,1,ByBirth,00000,0,1
0,18.83,9.54,1,1,ConsumerStaples,White,0.085,1,0,0,0,ByBirth,00100,0,1
0,37.75,5.5,1,1,Materials,White,0.125,1,0,0,1,ByBirth,00228,0,1
1,23.25,4.0,1,1,Energy,Asian,0.25,1,0,0,1,ByBirth,00160,0,1
1,18.08,5.5,1,1,Financials,White,0.5,1,0,0,0,ByBirth,00080,0,1
0,22.5,8.46,0,0,Utilities,White,2.46,0,0,0,0,ByBirth,00164,0,1
1,19.67,0.375,1,1,Materials,White,2.0,1,1,2,1,ByBirth,00080,0,1
1,22.08,11.0,1,1,InformationTechnology,White,0.665,1,0,0,0,ByBirth,00100,0,1
1,25.17,3.5,1,1,InformationTechnology,White,0.625,1,1,7,0,ByBirth,00000,7059,1
0,47.42,3.0,1,1,Utilities,White,13.875,1,1,2,1,ByBirth,00519,1704,1
1,33.5,1.75,1,1,Utilities,Black,4.5,1,1,4,1,ByBirth,00253,857,1
1,27.67,13.75,1,1,Industrials,White,5.75,1,0,0,1,ByBirth,00487,500,1
0,58.42,21.0,1,1,ConsumerDiscretionary,Asian,10.0,1,1,13,0,ByBirth,00000,6700,1
0,20.67,1.835,1,1,Materials,White,2.085,1,1,5,0,ByBirth,00220,2503,1
1,26.17,0.25,1,1,ConsumerDiscretionary,Asian,0.0,1,0,0,1,ByBirth,00000,0,1
1,21.33,7.5,1,1,ConsumerStaples,White,1.415,1,1,1,0,ByBirth,00080,9800,1
1,42.83,4.625,1,1,Materials,White,4.58,1,0,0,0,ByOtherMeans,00000,0,1
1,38.17,10.125,1,1,Utilities,White,2.5,1,1,6,0,ByBirth,00520,196,1
1,20.5,10.0,0,0,Energy,White,2.5,1,0,0,0,ByOtherMeans,00040,0,1
1,48.25,25.085,1,1,Industrials,White,1.75,1,1,3,0,ByBirth,00120,14,1
1,28.33,5.0,1,1,Industrials,White,11.0,1,0,0,1,ByBirth,00070,0,1
0,18.75,7.5,1,1,Materials,White,2.71,1,1,5,0,ByBirth,00000,26726,1
1,18.5,2.0,1,1,ConsumerDiscretionary,White,1.5,1,1,2,0,ByBirth,00120,300,1
1,33.17,3.04,0,0,Energy,Black,2.04,1,1,1,1,ByBirth,00180,18027,1
1,45.0,8.5,1,1,InformationTechnology,Black,14.0,1,1,1,1,ByBirth,00088,2000,1
0,19.67,0.21,1,1,Materials,Black,0.29,1,1,11,0,ByBirth,00080,99,1
1,24.5,12.75,1,1,Energy,Asian,4.75,1,1,2,0,ByBirth,00073,444,1
1,21.83,11.0,1,1,Utilities,White,0.29,1,1,6,0,ByBirth,00121,0,1
1,40.25,21.5,1,1,Education,Other,20.0,1,1,11,0,ByBirth,00000,1200,1
1,41.42,5.0,1,1,Materials,Black,5.0,1,1,6,1,ByBirth,00470,0,1
0,17.83,11.0,1,1,Utilities,Black,1.0,1,1,11,0,ByBirth,00000,3000,1
1,23.17,11.125,1,1,Utilities,Black,0.46,1,1,1,0,ByBirth,00100,0,1
1,28.46,0.625,1,1,Financials,White,0.25,0,0,0,0,ByBirth,00380,2010,0
1,18.17,10.25,1,1,Energy,Black,1.085,0,0,0,0,ByBirth,00320,13,0
1,20.0,11.045,1,1,Energy,White,2.0,0,0,0,1,ByBirth,00136,0,0
1,20.0,0.0,1,1,Real Estate,White,0.5,0,0,0,0,ByBirth,00144,0,0
0,20.75,9.54,1,1,ConsumerDiscretionary,White,0.04,0,0,0,0,ByBirth,00200,1000,0
0,24.5,1.75,0,0,Energy,White,0.165,0,0,0,0,ByBirth,00132,0,0
1,32.75,2.335,1,1,Real Estate,Black,5.75,0,0,0,1,ByBirth,00292,0,0
0,52.17,0.0,0,0,Healthcare,Latino,0.0,0,0,0,0,ByBirth,00000,0,0
0,48.17,1.335,1,1,ConsumerDiscretionary,Other,0.335,0,0,0,0,ByBirth,00000,120,0
0,20.42,10.5,0,0,Utilities,Black,0.0,0,0,0,1,ByBirth,00154,32,0
1,50.75,0.585,1,1,Healthcare,Latino,0.0,0,0,0,0,ByBirth,00145,0,0
1,17.08,0.085,0,0,Energy,White,0.04,0,0,0,0,ByBirth,00140,722,0
1,18.33,1.21,0,0,Education,Other,0.0,0,0,0,0,ByBirth,00100,0,0
0,32.0,6.0,1,1,Real Estate,White,1.25,0,0,0,0,ByBirth,00272,0,0
1,59.67,1.54,1,1,Materials,White,0.125,1,0,0,1,ByBirth,00260,0,1
1,18.0,0.165,1,1,Materials,Other,0.21,0,0,0,0,ByBirth,00200,40,1
1,37.58,0.0,1,1,Energy,White,0.0,0,0,0,0,Temporary,00000,0,1
1,32.33,2.5,1,1,Energy,White,1.25,0,0,0,1,ByBirth,00280,0,0
1,18.08,6.75,0,0,CommunicationServices,White,0.04,0,0,0,0,ByBirth,00140,0,0
1,38.25,10.125,0,0,Financials,White,0.125,0,0,0,0,ByBirth,00160,0,0
1,30.67,2.5,1,1,InformationTechnology,Black,2.25,0,0,0,1,ByOtherMeans,00340,0,0
1,18.58,5.71,1,1,Real Estate,White,0.54,0,0,0,0,ByBirth,00120,0,0
0,19.17,5.415,1,1,ConsumerDiscretionary,Black,0.29,0,0,0,0,ByBirth,00080,484,0
0,18.17,10.0,0,0,Materials,Black,0.165,0,0,0,0,ByBirth,00340,0,0
1,24.58,13.5,0,0,Healthcare,Latino,0.0,0,0,0,0,ByBirth,00000,0,0
1,16.25,0.835,1,1,CommunicationServices,White,0.085,1,0,0,0,ByOtherMeans,00200,0,0
1,21.17,0.875,0,0,Energy,Black,0.25,0,0,0,0,ByBirth,00280,204,0
1,23.92,0.585,0,0,InformationTechnology,Black,0.125,0,0,0,0,ByBirth,00240,1,0
1,17.67,4.46,1,1,Energy,White,0.25,0,0,0,0,ByOtherMeans,00080,0,0
0,16.5,1.25,1,1,Materials,White,0.25,0,1,1,0,ByBirth,00108,98,0
1,23.25,12.625,1,1,Energy,White,0.125,0,1,2,0,ByBirth,00000,5552,0
1,17.58,10.0,1,1,Industrials,Black,0.165,0,1,1,0,ByBirth,00120,1,0
0,28.46,1.5,1,1,Healthcare,Latino,0.0,0,1,2,1,ByBirth,00200,105,0
1,29.5,0.58,1,1,Industrials,White,0.29,0,1,1,0,ByBirth,00340,2803,0
1,18.83,0.415,0,0,Energy,White,0.165,0,1,1,0,ByBirth,00200,1,0
0,21.75,1.75,0,0,Research,Other,0.0,0,0,0,0,ByBirth,00160,0,0
1,23.0,0.75,1,1,CommunicationServices,White,0.5,0,0,0,1,ByOtherMeans,00320,0,0
0,18.25,10.0,1,1,Industrials,White,1.0,0,1,1,0,ByBirth,00120,1,0
1,25.42,0.54,1,1,Industrials,White,0.165,0,1,1,0,ByBirth,00272,444,0
1,35.75,2.415,1,1,Industrials,White,0.125,0,1,2,0,ByBirth,00220,1,0
0,16.08,0.335,1,1,Healthcare,Latino,0.0,0,1,1,0,ByBirth,00160,126,0
0,31.92,3.125,1,1,Healthcare,Latino,3.04,0,1,2,1,ByBirth,00200,4,0
1,69.17,9.0,1,1,Healthcare,Latino,4.0,0,1,1,0,ByBirth,00070,6,0
1,32.92,2.5,1,1,ConsumerStaples,White,1.75,0,1,2,1,ByBirth,00720,0,0
1,16.33,2.75,1,1,ConsumerStaples,White,0.665,0,1,1,0,ByBirth,00080,21,0
1,22.17,12.125,1,1,Energy,White,3.335,0,1,2,1,ByBirth,00180,173,0
0,57.58,2.0,1,1,Healthcare,Latino,6.5,0,1,1,0,ByBirth,00000,10,0
1,18.25,0.165,1,1,Real Estate,White,0.25,0,0,0,1,ByOtherMeans,00280,0,0
1,23.42,1.0,1,1,Energy,White,0.5,0,0,0,1,ByOtherMeans,00280,0,0
0,15.92,2.875,1,1,Materials,White,0.085,0,0,0,0,ByBirth,00120,0,0
0,24.75,13.665,1,1,Materials,Black,1.5,0,0,0,0,ByBirth,00280,1,0
1,48.75,26.335,0,0,Healthcare,Latino,0.0,1,0,0,1,ByBirth,00000,0,0
1,23.5,2.75,1,1,Healthcare,Latino,4.5,0,0,0,0,ByBirth,00160,25,0
1,18.58,10.29,1,1,Healthcare,Latino,0.415,0,0,0,0,ByBirth,00080,0,0
1,27.75,1.29,1,1,Financials,Black,0.25,0,0,0,1,ByOtherMeans,00140,0,0
0,31.75,3.0,0,0,Research,Other,0.0,0,0,0,0,ByBirth,00160,20,0
0,24.83,4.5,1,1,Industrials,White,1.0,0,0,0,1,ByBirth,00360,6,0
1,19.0,1.75,0,0,Energy,White,2.335,0,0,0,1,ByBirth,00112,6,0
0,16.33,0.21,1,1,ConsumerStaples,White,0.125,0,0,0,0,ByBirth,00200,1,0
0,18.58,10.0,1,1,Real Estate,White,0.415,0,0,0,0,ByBirth,00080,42,0
1,16.25,0.0,0,0,ConsumerStaples,White,0.25,0,0,0,0,ByBirth,00060,0,0
1,23.0,0.75,1,1,CommunicationServices,White,0.5,1,0,0,1,ByOtherMeans,00320,0,0
1,21.17,0.25,0,0,Energy,Black,0.25,0,0,0,0,ByBirth,00280,204,0
1,17.5,22.0,0,1,Healthcare,Other,0.0,0,0,0,1,Temporary,00450,100000,1
1,19.17,0.0,0,0,CommunicationServices,Asian,0.0,0,0,0,1,ByOtherMeans,00500,1,1
1,36.75,0.125,0,0,Energy,White,1.5,0,0,0,1,ByBirth,00232,113,1
1,21.25,1.5,1,1,Industrials,White,1.5,0,0,0,0,ByBirth,00150,8,1
0,18.08,0.375,0,1,InformationTechnology,Latino,10.0,0,0,0,1,ByOtherMeans,00300,0,1
0,33.67,0.375,1,1,InformationTechnology,White,0.375,0,0,0,0,ByBirth,00300,44,1
1,48.58,0.205,0,0,Financials,White,0.25,1,1,11,0,ByBirth,00380,2732,1
1,33.67,1.25,1,1,Industrials,White,1.165,0,0,0,0,ByBirth,00120,0,0
0,29.5,1.085,0,0,Utilities,White,1.0,0,0,0,0,ByBirth,00280,13,0
1,30.17,1.085,0,0,Energy,White,0.04,0,0,0,0,ByBirth,00170,179,0
1,40.83,3.5,1,1,ConsumerDiscretionary,Asian,0.5,0,0,0,0,ByOtherMeans,01160,0,0
1,34.83,2.5,0,0,Industrials,White,3.0,0,0,0,0,ByOtherMeans,00200,0,0
1,28.46,4.0,0,0,ConsumerDiscretionary,White,0.085,0,0,0,1,ByBirth,00411,0,0
1,20.42,0.0,1,1,Energy,White,0.0,0,0,0,0,Temporary,00000,0,0
0,33.25,2.5,0,0,Energy,White,2.5,0,0,0,1,ByBirth,00000,2,0
1,34.08,2.5,1,1,Energy,White,1.0,0,0,0,0,ByBirth,00460,16,0
0,25.25,12.5,1,1,Real Estate,White,1.0,0,0,0,1,ByBirth,00180,1062,0
1,34.75,2.5,1,1,InformationTechnology,Asian,0.5,0,0,0,0,ByBirth,00348,0,0
1,27.67,0.75,1,1,Materials,Black,0.165,0,0,0,1,ByBirth,00220,251,0
1,47.33,6.5,1,1,Energy,White,1.0,0,0,0,1,ByBirth,00000,228,0
0,34.83,1.25,0,0,ConsumerDiscretionary,Black,0.5,0,0,0,1,ByBirth,00160,0,0
0,33.25,3.0,0,0,ConsumerStaples,White,2.0,0,0,0,0,ByBirth,00180,0,0
1,28.0,3.0,1,1,Industrials,White,0.75,0,0,0,1,ByBirth,00300,67,0
0,39.08,4.0,1,1,Energy,White,3.0,0,0,0,0,ByBirth,00480,0,0
1,42.75,4.085,1,1,ConsumerStaples,White,0.04,0,0,0,0,ByBirth,00108,100,0
1,26.92,2.25,1,1,ConsumerDiscretionary,Asian,0.5,0,0,0,1,ByBirth,00640,4000,0

